scenerio,teamCode,firstSimulatedId,madePlayoffs,round2,round3,round4,wonCup,firstOverall,points,wonDivision,draftLottery,wildcard1Odds,wildcard2Odds,divisionPlace2Odds,divisionPlace3Odds,round1Winin4,round1Winin5,round1Winin6,round1Winin7,round1Lossin4,round1Lossin5,round1Lossin6,round1Lossin7,round2Winin4,round2Winin5,round2Winin6,round2Winin7,round2Lossin4,round2Lossin5,round2Lossin6,round2Lossin7,round3Winin4,round3Winin5,round3Winin6,round3Winin7,round3Lossin4,round3Lossin5,round3Lossin6,round3Lossin7,round4Winin4,round4Winin5,round4Winin6,round4Winin7,round4Lossin4,round4Lossin5,round4Lossin6,round4Lossin7
ALL,TBL,2019020005,0.7378,0.384,0.195,0.101,0.052,0.091,99.0,0.274,0.013,0.064,0.056,0.193,0.151,0.052,0.097,0.121,0.113,0.045,0.09,0.109,0.11,0.027,0.049,0.06,0.059,0.023,0.048,0.058,0.06,0.014,0.025,0.031,0.031,0.011,0.024,0.029,0.029,0.007,0.013,0.016,0.017,0.006,0.012,0.016,0.015
WINREG,TBL,2019020005,0.7506,0.387,0.197,0.103,0.054,0.099,99.5,0.288,0.012,0.063,0.055,0.195,0.149,0.053,0.099,0.121,0.115,0.046,0.092,0.113,0.112,0.027,0.049,0.061,0.06,0.024,0.048,0.058,0.061,0.014,0.026,0.032,0.032,0.012,0.024,0.029,0.029,0.007,0.013,0.017,0.017,0.006,0.012,0.015,0.016
LOSSOT,TBL,2019020005,0.7296,0.388,0.2,0.098,0.049,0.086,98.8,0.263,0.013,0.066,0.057,0.197,0.147,0.055,0.101,0.119,0.113,0.047,0.086,0.104,0.104,0.028,0.051,0.066,0.055,0.02,0.056,0.058,0.054,0.014,0.023,0.032,0.03,0.012,0.029,0.032,0.028,0.006,0.012,0.014,0.017,0.006,0.013,0.018,0.012
WINOT,TBL,2019020005,0.763,0.396,0.191,0.095,0.049,0.098,99.8,0.286,0.011,0.064,0.056,0.198,0.159,0.054,0.095,0.135,0.112,0.045,0.095,0.111,0.115,0.025,0.051,0.056,0.058,0.025,0.052,0.063,0.065,0.016,0.022,0.029,0.028,0.01,0.028,0.031,0.027,0.007,0.011,0.017,0.014,0.005,0.011,0.016,0.014
LOSSREG,TBL,2019020005,0.7017,0.369,0.189,0.101,0.051,0.07,97.6,0.239,0.015,0.066,0.058,0.186,0.153,0.049,0.094,0.118,0.109,0.04,0.084,0.101,0.107,0.026,0.046,0.057,0.06,0.022,0.043,0.056,0.059,0.013,0.026,0.032,0.031,0.011,0.021,0.027,0.029,0.007,0.013,0.015,0.016,0.008,0.011,0.017,0.014
ALL,VGK,2019020004,0.7099,0.365,0.185,0.095,0.047,0.063,97.3,0.224,0.015,0.076,0.069,0.189,0.151,0.048,0.098,0.107,0.112,0.045,0.088,0.107,0.104,0.024,0.047,0.056,0.059,0.022,0.045,0.056,0.057,0.013,0.024,0.03,0.029,0.011,0.023,0.028,0.028,0.006,0.012,0.015,0.014,0.006,0.012,0.016,0.015
WINREG,VGK,2019020004,0.7327,0.38,0.192,0.098,0.047,0.072,98.1,0.247,0.014,0.074,0.066,0.192,0.153,0.051,0.102,0.108,0.118,0.046,0.093,0.106,0.107,0.024,0.05,0.059,0.06,0.024,0.048,0.058,0.057,0.013,0.025,0.031,0.029,0.011,0.025,0.029,0.029,0.006,0.011,0.016,0.014,0.006,0.012,0.017,0.016
LOSSOT,VGK,2019020004,0.7,0.355,0.184,0.097,0.053,0.058,97.1,0.215,0.016,0.081,0.076,0.182,0.146,0.047,0.099,0.102,0.107,0.043,0.081,0.118,0.103,0.023,0.047,0.053,0.061,0.02,0.042,0.054,0.055,0.011,0.024,0.032,0.029,0.01,0.021,0.028,0.028,0.006,0.014,0.017,0.016,0.007,0.009,0.016,0.012
WINOT,VGK,2019020004,0.7269,0.37,0.191,0.093,0.047,0.071,98.1,0.24,0.014,0.071,0.066,0.197,0.153,0.047,0.097,0.114,0.112,0.051,0.091,0.106,0.108,0.024,0.049,0.058,0.06,0.02,0.046,0.055,0.058,0.013,0.019,0.034,0.026,0.013,0.022,0.033,0.031,0.006,0.012,0.014,0.015,0.003,0.01,0.017,0.016
LOSSREG,VGK,2019020004,0.6772,0.348,0.174,0.091,0.044,0.051,96.1,0.191,0.018,0.079,0.073,0.184,0.15,0.045,0.092,0.105,0.106,0.043,0.084,0.104,0.098,0.023,0.043,0.053,0.056,0.021,0.042,0.054,0.058,0.013,0.023,0.028,0.028,0.01,0.021,0.025,0.026,0.006,0.013,0.013,0.012,0.006,0.013,0.014,0.015
ALL,SJS,2019020004,0.7083,0.364,0.187,0.094,0.047,0.063,97.4,0.22,0.016,0.078,0.068,0.186,0.156,0.047,0.096,0.111,0.11,0.045,0.087,0.107,0.104,0.024,0.049,0.056,0.058,0.022,0.044,0.057,0.054,0.013,0.023,0.03,0.029,0.012,0.024,0.028,0.028,0.007,0.012,0.015,0.014,0.006,0.012,0.015,0.014
WINREG,SJS,2019020004,0.7373,0.378,0.194,0.097,0.049,0.073,98.4,0.249,0.013,0.075,0.068,0.19,0.155,0.049,0.101,0.111,0.117,0.049,0.092,0.111,0.108,0.025,0.052,0.058,0.06,0.023,0.044,0.062,0.055,0.014,0.023,0.031,0.029,0.012,0.025,0.028,0.031,0.007,0.013,0.016,0.014,0.006,0.011,0.016,0.015
LOSSOT,SJS,2019020004,0.7048,0.36,0.186,0.098,0.048,0.064,97.3,0.215,0.016,0.084,0.068,0.181,0.157,0.048,0.094,0.109,0.109,0.043,0.083,0.11,0.108,0.026,0.049,0.059,0.053,0.021,0.043,0.059,0.052,0.014,0.023,0.031,0.029,0.012,0.027,0.025,0.024,0.006,0.014,0.013,0.016,0.006,0.016,0.014,0.014
WINOT,SJS,2019020004,0.7395,0.383,0.193,0.095,0.046,0.071,98.6,0.24,0.013,0.078,0.059,0.206,0.156,0.047,0.099,0.116,0.121,0.051,0.089,0.113,0.103,0.023,0.05,0.059,0.06,0.022,0.048,0.055,0.064,0.014,0.023,0.03,0.029,0.013,0.024,0.03,0.032,0.006,0.012,0.015,0.014,0.005,0.013,0.015,0.016
LOSSREG,SJS,2019020004,0.6789,0.349,0.18,0.091,0.045,0.052,96.3,0.195,0.018,0.08,0.07,0.178,0.156,0.045,0.092,0.109,0.103,0.042,0.084,0.102,0.101,0.022,0.047,0.053,0.057,0.021,0.044,0.053,0.052,0.011,0.023,0.029,0.028,0.011,0.023,0.028,0.027,0.007,0.012,0.014,0.013,0.007,0.011,0.015,0.014
ALL,STL,2019020002,0.7025,0.366,0.188,0.095,0.048,0.057,96.6,0.238,0.017,0.057,0.053,0.194,0.16,0.047,0.096,0.11,0.114,0.042,0.084,0.107,0.103,0.023,0.05,0.058,0.057,0.022,0.045,0.056,0.055,0.012,0.023,0.03,0.03,0.012,0.024,0.028,0.029,0.006,0.013,0.015,0.014,0.006,0.011,0.015,0.015
WINREG,STL,2019020002,0.7229,0.377,0.191,0.096,0.048,0.065,97.4,0.252,0.015,0.059,0.053,0.202,0.156,0.049,0.1,0.113,0.116,0.043,0.088,0.109,0.106,0.024,0.052,0.058,0.058,0.023,0.047,0.059,0.057,0.013,0.022,0.03,0.031,0.013,0.025,0.029,0.028,0.006,0.013,0.015,0.015,0.006,0.012,0.016,0.015
LOSSOT,STL,2019020002,0.691,0.353,0.187,0.093,0.05,0.05,96.3,0.229,0.017,0.056,0.051,0.188,0.166,0.044,0.088,0.105,0.116,0.045,0.079,0.11,0.103,0.023,0.047,0.064,0.053,0.02,0.04,0.055,0.051,0.012,0.023,0.032,0.027,0.012,0.023,0.028,0.031,0.005,0.015,0.016,0.013,0.006,0.01,0.014,0.014
WINOT,STL,2019020002,0.7146,0.365,0.184,0.097,0.049,0.064,97.2,0.255,0.016,0.055,0.051,0.188,0.165,0.044,0.096,0.113,0.111,0.048,0.086,0.11,0.106,0.023,0.05,0.06,0.051,0.023,0.045,0.058,0.055,0.012,0.024,0.033,0.028,0.012,0.024,0.025,0.026,0.005,0.014,0.015,0.015,0.005,0.013,0.015,0.015
LOSSREG,STL,2019020002,0.6709,0.354,0.184,0.093,0.047,0.045,95.4,0.213,0.019,0.055,0.055,0.186,0.162,0.045,0.093,0.106,0.11,0.038,0.077,0.104,0.097,0.022,0.047,0.056,0.059,0.021,0.044,0.052,0.053,0.011,0.024,0.028,0.029,0.011,0.023,0.028,0.03,0.006,0.012,0.015,0.014,0.007,0.011,0.013,0.014
ALL,CAR,2019020008,0.6452,0.332,0.17,0.084,0.042,0.059,96.0,0.208,0.019,0.064,0.06,0.167,0.146,0.043,0.087,0.102,0.1,0.04,0.078,0.1,0.096,0.021,0.045,0.051,0.052,0.021,0.04,0.05,0.051,0.011,0.021,0.027,0.025,0.011,0.022,0.026,0.027,0.006,0.01,0.013,0.013,0.005,0.011,0.013,0.013
WINREG,CAR,2019020008,0.6742,0.341,0.175,0.086,0.043,0.067,96.8,0.222,0.017,0.066,0.061,0.172,0.153,0.044,0.089,0.103,0.104,0.042,0.084,0.105,0.102,0.022,0.047,0.053,0.053,0.021,0.041,0.052,0.052,0.011,0.021,0.028,0.025,0.012,0.023,0.027,0.028,0.006,0.01,0.014,0.013,0.005,0.011,0.013,0.013
LOSSOT,CAR,2019020008,0.62,0.321,0.159,0.079,0.039,0.054,95.4,0.195,0.021,0.063,0.057,0.167,0.138,0.04,0.087,0.099,0.096,0.041,0.071,0.099,0.088,0.02,0.043,0.048,0.048,0.018,0.036,0.052,0.055,0.01,0.019,0.025,0.025,0.011,0.017,0.027,0.025,0.006,0.01,0.014,0.01,0.006,0.011,0.011,0.011
WINOT,CAR,2019020008,0.6626,0.344,0.18,0.086,0.044,0.069,96.7,0.225,0.018,0.065,0.056,0.173,0.143,0.043,0.098,0.106,0.097,0.038,0.08,0.101,0.1,0.024,0.045,0.054,0.057,0.022,0.042,0.048,0.052,0.011,0.022,0.027,0.025,0.011,0.026,0.029,0.029,0.004,0.013,0.014,0.013,0.005,0.011,0.012,0.014
LOSSREG,CAR,2019020008,0.6058,0.317,0.163,0.084,0.042,0.046,94.6,0.185,0.023,0.061,0.061,0.159,0.14,0.041,0.081,0.099,0.095,0.038,0.072,0.091,0.087,0.02,0.043,0.049,0.051,0.021,0.038,0.047,0.047,0.01,0.021,0.027,0.025,0.009,0.019,0.024,0.027,0.006,0.011,0.012,0.013,0.005,0.011,0.012,0.014
ALL,CGY,2019020011,0.6205,0.314,0.16,0.081,0.04,0.046,94.6,0.168,0.023,0.08,0.073,0.154,0.146,0.042,0.082,0.095,0.095,0.039,0.077,0.095,0.095,0.022,0.04,0.05,0.048,0.019,0.039,0.049,0.047,0.01,0.021,0.025,0.025,0.01,0.02,0.024,0.024,0.005,0.01,0.013,0.012,0.005,0.01,0.012,0.013
WINREG,CGY,2019020011,0.6466,0.326,0.164,0.081,0.041,0.053,95.6,0.19,0.02,0.082,0.069,0.157,0.15,0.044,0.086,0.099,0.098,0.043,0.079,0.098,0.101,0.022,0.041,0.052,0.049,0.021,0.041,0.052,0.048,0.01,0.022,0.025,0.025,0.011,0.022,0.026,0.024,0.005,0.01,0.014,0.012,0.005,0.011,0.012,0.012
LOSSOT,CGY,2019020011,0.6108,0.305,0.159,0.086,0.042,0.041,94.4,0.154,0.023,0.076,0.077,0.156,0.148,0.039,0.08,0.097,0.088,0.037,0.077,0.097,0.094,0.019,0.04,0.052,0.047,0.019,0.039,0.046,0.041,0.014,0.023,0.025,0.024,0.009,0.019,0.022,0.023,0.003,0.012,0.013,0.013,0.006,0.01,0.013,0.015
WINOT,CGY,2019020011,0.6596,0.337,0.17,0.085,0.043,0.058,95.9,0.192,0.02,0.079,0.074,0.168,0.147,0.05,0.09,0.095,0.103,0.038,0.083,0.105,0.096,0.025,0.045,0.049,0.052,0.021,0.046,0.048,0.052,0.012,0.021,0.026,0.026,0.011,0.022,0.023,0.029,0.005,0.011,0.014,0.014,0.006,0.011,0.012,0.012
LOSSREG,CGY,2019020011,0.591,0.3,0.153,0.077,0.038,0.038,93.6,0.147,0.025,0.079,0.076,0.148,0.141,0.04,0.076,0.092,0.092,0.037,0.073,0.089,0.091,0.022,0.037,0.047,0.047,0.018,0.036,0.046,0.047,0.009,0.02,0.024,0.024,0.01,0.018,0.024,0.024,0.006,0.009,0.011,0.012,0.005,0.01,0.011,0.013
ALL,TOR,2019020001,0.6146,0.312,0.159,0.08,0.041,0.05,94.9,0.17,0.022,0.071,0.066,0.157,0.151,0.04,0.081,0.095,0.096,0.041,0.076,0.094,0.092,0.021,0.04,0.049,0.049,0.02,0.038,0.048,0.048,0.012,0.02,0.025,0.024,0.01,0.02,0.023,0.025,0.005,0.011,0.013,0.011,0.005,0.011,0.012,0.012
WINREG,TOR,2019020001,0.6329,0.318,0.16,0.081,0.041,0.054,95.4,0.181,0.02,0.071,0.065,0.163,0.154,0.04,0.085,0.096,0.098,0.043,0.078,0.099,0.094,0.021,0.041,0.05,0.048,0.02,0.039,0.049,0.05,0.012,0.02,0.025,0.023,0.011,0.02,0.023,0.026,0.005,0.011,0.013,0.012,0.005,0.011,0.012,0.012
LOSSOT,TOR,2019020001,0.602,0.307,0.162,0.084,0.044,0.044,94.5,0.159,0.023,0.077,0.065,0.153,0.148,0.043,0.076,0.088,0.099,0.038,0.075,0.089,0.093,0.024,0.038,0.05,0.05,0.021,0.037,0.043,0.045,0.013,0.024,0.021,0.025,0.009,0.02,0.025,0.024,0.006,0.012,0.013,0.013,0.004,0.011,0.011,0.014
WINOT,TOR,2019020001,0.6236,0.316,0.163,0.082,0.038,0.056,95.4,0.183,0.021,0.071,0.061,0.16,0.149,0.041,0.081,0.103,0.091,0.036,0.078,0.096,0.097,0.021,0.04,0.048,0.053,0.02,0.036,0.047,0.051,0.011,0.018,0.029,0.025,0.012,0.021,0.024,0.024,0.005,0.01,0.012,0.011,0.006,0.011,0.014,0.013
LOSSREG,TOR,2019020001,0.5745,0.299,0.153,0.077,0.04,0.041,93.5,0.144,0.025,0.07,0.071,0.144,0.145,0.039,0.076,0.092,0.093,0.037,0.069,0.082,0.087,0.02,0.04,0.045,0.048,0.02,0.037,0.047,0.043,0.01,0.018,0.024,0.025,0.009,0.019,0.023,0.024,0.006,0.012,0.013,0.01,0.005,0.01,0.013,0.01
ALL,BOS,2019020010,0.6122,0.312,0.156,0.078,0.039,0.043,94.7,0.165,0.022,0.072,0.064,0.162,0.149,0.039,0.08,0.096,0.096,0.039,0.075,0.093,0.093,0.02,0.041,0.047,0.048,0.02,0.039,0.048,0.049,0.011,0.019,0.024,0.024,0.009,0.019,0.024,0.025,0.005,0.009,0.013,0.012,0.005,0.01,0.012,0.012
WINREG,BOS,2019020010,0.6364,0.322,0.161,0.08,0.04,0.051,95.6,0.18,0.02,0.072,0.063,0.169,0.152,0.041,0.083,0.099,0.098,0.039,0.079,0.1,0.097,0.02,0.042,0.049,0.048,0.023,0.039,0.049,0.05,0.01,0.02,0.024,0.026,0.011,0.02,0.026,0.024,0.006,0.009,0.013,0.011,0.006,0.01,0.012,0.011
LOSSOT,BOS,2019020010,0.6106,0.309,0.155,0.079,0.039,0.038,94.5,0.157,0.022,0.075,0.067,0.16,0.153,0.04,0.073,0.099,0.097,0.039,0.076,0.092,0.093,0.017,0.036,0.046,0.054,0.02,0.038,0.048,0.048,0.013,0.016,0.026,0.024,0.008,0.018,0.026,0.024,0.005,0.01,0.011,0.013,0.004,0.009,0.012,0.014
WINOT,BOS,2019020010,0.6405,0.328,0.162,0.082,0.04,0.049,95.5,0.184,0.02,0.069,0.066,0.163,0.158,0.038,0.093,0.1,0.098,0.041,0.078,0.097,0.096,0.022,0.043,0.048,0.049,0.021,0.041,0.051,0.052,0.015,0.018,0.024,0.026,0.01,0.023,0.022,0.025,0.005,0.01,0.013,0.012,0.006,0.012,0.013,0.012
LOSSREG,BOS,2019020010,0.5847,0.3,0.15,0.075,0.039,0.036,93.7,0.15,0.024,0.071,0.064,0.156,0.144,0.038,0.076,0.092,0.094,0.037,0.071,0.087,0.09,0.019,0.04,0.046,0.045,0.017,0.039,0.047,0.047,0.01,0.02,0.024,0.022,0.008,0.018,0.023,0.025,0.005,0.009,0.013,0.012,0.004,0.01,0.01,0.011
ALL,MTL,2019020008,0.59,0.295,0.148,0.075,0.038,0.042,94.0,0.153,0.024,0.071,0.066,0.154,0.145,0.039,0.077,0.091,0.088,0.038,0.074,0.092,0.091,0.019,0.037,0.045,0.046,0.018,0.036,0.047,0.044,0.009,0.02,0.024,0.023,0.01,0.018,0.023,0.022,0.005,0.01,0.012,0.011,0.005,0.01,0.011,0.012
WINREG,MTL,2019020008,0.6211,0.309,0.153,0.078,0.039,0.05,95.1,0.173,0.022,0.072,0.067,0.163,0.147,0.041,0.082,0.095,0.091,0.038,0.078,0.098,0.097,0.018,0.038,0.048,0.049,0.02,0.037,0.052,0.047,0.01,0.019,0.026,0.023,0.011,0.018,0.022,0.024,0.006,0.01,0.011,0.012,0.005,0.011,0.011,0.013
LOSSOT,MTL,2019020008,0.587,0.293,0.144,0.075,0.037,0.042,94.0,0.15,0.024,0.075,0.073,0.15,0.139,0.037,0.076,0.093,0.087,0.038,0.074,0.093,0.089,0.02,0.036,0.043,0.046,0.021,0.036,0.048,0.043,0.009,0.02,0.023,0.023,0.009,0.014,0.025,0.021,0.007,0.009,0.012,0.01,0.004,0.01,0.011,0.011
WINOT,MTL,2019020008,0.6239,0.305,0.156,0.075,0.04,0.055,95.2,0.173,0.021,0.071,0.064,0.163,0.153,0.04,0.084,0.089,0.092,0.041,0.081,0.099,0.099,0.021,0.04,0.043,0.052,0.02,0.043,0.044,0.042,0.009,0.018,0.024,0.024,0.012,0.021,0.024,0.024,0.006,0.01,0.013,0.012,0.005,0.009,0.01,0.011
LOSSREG,MTL,2019020008,0.5608,0.283,0.144,0.074,0.037,0.034,93.0,0.134,0.027,0.07,0.065,0.148,0.144,0.037,0.072,0.088,0.086,0.036,0.07,0.086,0.086,0.019,0.037,0.045,0.043,0.016,0.035,0.044,0.043,0.009,0.02,0.022,0.023,0.008,0.018,0.023,0.021,0.004,0.01,0.012,0.01,0.005,0.009,0.012,0.012
ALL,COL,2019020011,0.5756,0.293,0.148,0.074,0.038,0.036,92.8,0.158,0.027,0.059,0.061,0.149,0.15,0.039,0.074,0.091,0.088,0.036,0.072,0.088,0.086,0.019,0.037,0.046,0.046,0.019,0.037,0.045,0.044,0.01,0.019,0.023,0.022,0.01,0.018,0.024,0.022,0.005,0.01,0.011,0.011,0.005,0.009,0.012,0.011
WINREG,COL,2019020011,0.6004,0.304,0.154,0.077,0.04,0.043,93.7,0.172,0.025,0.059,0.061,0.154,0.154,0.039,0.077,0.097,0.091,0.036,0.076,0.093,0.091,0.019,0.04,0.047,0.048,0.02,0.038,0.047,0.045,0.01,0.02,0.024,0.023,0.012,0.018,0.024,0.023,0.006,0.01,0.011,0.012,0.005,0.009,0.012,0.011
LOSSOT,COL,2019020011,0.5708,0.287,0.141,0.072,0.037,0.031,92.7,0.153,0.028,0.059,0.061,0.149,0.149,0.042,0.073,0.089,0.083,0.036,0.069,0.096,0.083,0.018,0.031,0.046,0.046,0.017,0.037,0.047,0.044,0.01,0.019,0.021,0.022,0.008,0.018,0.02,0.024,0.005,0.01,0.011,0.01,0.004,0.008,0.011,0.012
WINOT,COL,2019020011,0.6023,0.301,0.154,0.078,0.037,0.042,93.6,0.172,0.025,0.061,0.061,0.159,0.15,0.042,0.075,0.09,0.094,0.04,0.078,0.089,0.094,0.018,0.037,0.051,0.048,0.018,0.039,0.045,0.046,0.008,0.022,0.023,0.024,0.008,0.019,0.028,0.021,0.005,0.009,0.011,0.01,0.004,0.01,0.013,0.013
LOSSREG,COL,2019020011,0.537,0.278,0.14,0.071,0.035,0.027,91.5,0.138,0.031,0.057,0.06,0.138,0.145,0.037,0.071,0.085,0.085,0.034,0.066,0.079,0.079,0.018,0.036,0.042,0.044,0.019,0.036,0.043,0.041,0.01,0.018,0.022,0.021,0.009,0.017,0.022,0.021,0.005,0.009,0.012,0.01,0.004,0.01,0.012,0.009
ALL,PIT,2019020007,0.5689,0.288,0.143,0.072,0.037,0.041,93.6,0.157,0.025,0.062,0.065,0.146,0.138,0.037,0.073,0.089,0.089,0.036,0.071,0.087,0.087,0.019,0.038,0.044,0.042,0.019,0.036,0.045,0.045,0.009,0.018,0.022,0.022,0.01,0.017,0.022,0.022,0.005,0.009,0.011,0.011,0.004,0.009,0.011,0.011
WINREG,PIT,2019020007,0.5876,0.297,0.147,0.074,0.039,0.046,94.2,0.166,0.024,0.063,0.067,0.152,0.14,0.039,0.074,0.092,0.093,0.039,0.074,0.089,0.089,0.018,0.039,0.045,0.045,0.02,0.037,0.048,0.045,0.01,0.019,0.024,0.022,0.01,0.018,0.022,0.023,0.005,0.01,0.012,0.012,0.005,0.009,0.011,0.011
LOSSOT,PIT,2019020007,0.5443,0.283,0.136,0.07,0.034,0.034,92.8,0.145,0.028,0.06,0.065,0.138,0.137,0.035,0.075,0.086,0.086,0.034,0.066,0.077,0.084,0.021,0.037,0.043,0.035,0.018,0.04,0.043,0.046,0.009,0.019,0.02,0.022,0.007,0.017,0.02,0.022,0.005,0.008,0.011,0.01,0.004,0.008,0.012,0.012
WINOT,PIT,2019020007,0.5929,0.297,0.147,0.073,0.039,0.045,94.3,0.173,0.024,0.063,0.066,0.151,0.14,0.036,0.08,0.088,0.092,0.037,0.072,0.093,0.095,0.019,0.035,0.048,0.045,0.02,0.037,0.042,0.05,0.009,0.019,0.025,0.02,0.011,0.017,0.027,0.02,0.006,0.009,0.014,0.011,0.004,0.008,0.011,0.011
LOSSREG,PIT,2019020007,0.5253,0.264,0.136,0.068,0.034,0.032,92.2,0.133,0.029,0.062,0.062,0.135,0.133,0.034,0.067,0.083,0.079,0.033,0.066,0.083,0.08,0.019,0.037,0.041,0.038,0.018,0.031,0.039,0.04,0.009,0.017,0.019,0.023,0.01,0.016,0.021,0.021,0.004,0.009,0.01,0.011,0.004,0.008,0.011,0.011
ALL,MIN,2019020009,0.5683,0.287,0.144,0.073,0.035,0.035,92.5,0.147,0.028,0.061,0.062,0.148,0.152,0.037,0.075,0.088,0.086,0.038,0.073,0.087,0.083,0.019,0.036,0.044,0.045,0.017,0.035,0.045,0.045,0.009,0.019,0.022,0.022,0.009,0.018,0.023,0.021,0.005,0.009,0.011,0.011,0.005,0.009,0.012,0.011
WINREG,MIN,2019020009,0.6032,0.306,0.155,0.078,0.038,0.042,93.5,0.164,0.025,0.061,0.063,0.159,0.156,0.04,0.08,0.093,0.094,0.04,0.078,0.092,0.086,0.021,0.039,0.05,0.046,0.018,0.037,0.049,0.046,0.009,0.02,0.024,0.025,0.01,0.019,0.025,0.023,0.006,0.01,0.011,0.012,0.005,0.01,0.012,0.012
LOSSOT,MIN,2019020009,0.5475,0.273,0.131,0.067,0.033,0.032,92.3,0.137,0.029,0.061,0.057,0.142,0.151,0.038,0.072,0.084,0.079,0.037,0.076,0.083,0.079,0.018,0.031,0.039,0.043,0.018,0.034,0.046,0.044,0.009,0.018,0.021,0.02,0.008,0.016,0.02,0.02,0.003,0.009,0.011,0.01,0.005,0.01,0.011,0.008
WINOT,MIN,2019020009,0.5888,0.295,0.15,0.076,0.038,0.038,93.2,0.159,0.026,0.059,0.064,0.153,0.154,0.035,0.082,0.092,0.086,0.038,0.074,0.092,0.089,0.018,0.041,0.042,0.049,0.015,0.037,0.042,0.051,0.009,0.019,0.023,0.025,0.01,0.021,0.022,0.021,0.006,0.008,0.013,0.011,0.005,0.009,0.013,0.012
LOSSREG,MIN,2019020009,0.5305,0.267,0.135,0.068,0.032,0.026,91.3,0.126,0.032,0.061,0.061,0.137,0.146,0.035,0.07,0.083,0.08,0.036,0.064,0.083,0.079,0.017,0.033,0.042,0.043,0.017,0.033,0.04,0.042,0.01,0.018,0.02,0.02,0.008,0.017,0.022,0.021,0.004,0.008,0.01,0.009,0.005,0.008,0.012,0.011
ALL,NYI,2019020014,0.5564,0.279,0.14,0.069,0.034,0.036,93.0,0.147,0.027,0.065,0.065,0.143,0.137,0.038,0.072,0.086,0.084,0.035,0.072,0.088,0.083,0.018,0.037,0.042,0.043,0.018,0.036,0.044,0.042,0.009,0.018,0.021,0.021,0.01,0.017,0.022,0.022,0.004,0.009,0.011,0.01,0.004,0.009,0.011,0.01
WINREG,NYI,2019020014,0.586,0.296,0.148,0.072,0.036,0.042,93.9,0.165,0.024,0.067,0.064,0.149,0.141,0.04,0.075,0.093,0.088,0.037,0.076,0.093,0.084,0.019,0.038,0.044,0.046,0.019,0.039,0.048,0.043,0.009,0.02,0.022,0.021,0.011,0.017,0.024,0.024,0.005,0.008,0.011,0.012,0.005,0.009,0.011,0.011
LOSSOT,NYI,2019020014,0.549,0.269,0.131,0.064,0.034,0.035,92.9,0.141,0.028,0.069,0.064,0.143,0.132,0.037,0.071,0.08,0.081,0.032,0.071,0.091,0.086,0.018,0.034,0.04,0.04,0.017,0.036,0.044,0.041,0.01,0.017,0.017,0.02,0.009,0.018,0.02,0.021,0.004,0.008,0.011,0.011,0.004,0.007,0.011,0.008
WINOT,NYI,2019020014,0.5733,0.282,0.139,0.065,0.029,0.041,93.5,0.153,0.026,0.061,0.065,0.156,0.139,0.038,0.074,0.084,0.086,0.04,0.076,0.089,0.087,0.016,0.033,0.045,0.044,0.02,0.038,0.041,0.044,0.009,0.018,0.017,0.022,0.009,0.017,0.025,0.023,0.003,0.009,0.009,0.009,0.004,0.011,0.011,0.01
LOSSREG,NYI,2019020014,0.5205,0.262,0.134,0.069,0.034,0.029,91.8,0.128,0.03,0.062,0.065,0.133,0.133,0.035,0.067,0.08,0.079,0.033,0.065,0.082,0.079,0.017,0.037,0.04,0.04,0.015,0.033,0.04,0.039,0.009,0.016,0.022,0.022,0.008,0.017,0.02,0.02,0.004,0.009,0.011,0.009,0.004,0.009,0.012,0.009
ALL,NSH,2019020009,0.544,0.273,0.136,0.068,0.034,0.028,91.7,0.135,0.031,0.061,0.061,0.14,0.147,0.035,0.071,0.085,0.082,0.034,0.07,0.084,0.082,0.018,0.036,0.041,0.041,0.019,0.035,0.043,0.041,0.009,0.017,0.02,0.021,0.009,0.018,0.021,0.021,0.005,0.008,0.01,0.012,0.004,0.009,0.01,0.01
WINREG,NSH,2019020009,0.57,0.286,0.143,0.071,0.036,0.033,92.5,0.149,0.028,0.063,0.059,0.147,0.152,0.036,0.075,0.09,0.085,0.035,0.074,0.084,0.091,0.019,0.04,0.041,0.043,0.02,0.037,0.043,0.042,0.01,0.018,0.021,0.022,0.01,0.019,0.022,0.021,0.006,0.007,0.011,0.012,0.005,0.009,0.011,0.01
LOSSOT,NSH,2019020009,0.5414,0.271,0.131,0.069,0.035,0.027,91.6,0.132,0.031,0.064,0.064,0.134,0.148,0.033,0.071,0.086,0.081,0.035,0.072,0.081,0.083,0.017,0.033,0.042,0.039,0.018,0.034,0.046,0.042,0.01,0.016,0.022,0.021,0.008,0.016,0.02,0.019,0.004,0.007,0.009,0.014,0.005,0.01,0.01,0.01
WINOT,NSH,2019020009,0.5719,0.287,0.139,0.066,0.033,0.032,92.6,0.152,0.028,0.063,0.062,0.148,0.147,0.037,0.077,0.084,0.089,0.031,0.07,0.099,0.085,0.016,0.034,0.047,0.041,0.019,0.037,0.049,0.044,0.008,0.017,0.021,0.02,0.009,0.019,0.022,0.023,0.005,0.008,0.01,0.01,0.003,0.008,0.01,0.011
LOSSREG,NSH,2019020009,0.512,0.259,0.13,0.065,0.033,0.023,90.6,0.119,0.034,0.058,0.062,0.132,0.142,0.034,0.066,0.08,0.079,0.033,0.065,0.081,0.074,0.019,0.033,0.038,0.04,0.017,0.033,0.04,0.038,0.008,0.017,0.019,0.021,0.008,0.016,0.02,0.021,0.004,0.009,0.01,0.011,0.004,0.008,0.01,0.009
ALL,DAL,2019020010,0.5439,0.272,0.134,0.066,0.033,0.026,91.6,0.133,0.03,0.06,0.064,0.144,0.143,0.036,0.07,0.083,0.083,0.035,0.069,0.085,0.082,0.017,0.034,0.042,0.042,0.017,0.036,0.043,0.041,0.008,0.017,0.021,0.02,0.008,0.018,0.021,0.021,0.004,0.008,0.01,0.01,0.004,0.009,0.011,0.01
WINREG,DAL,2019020010,0.5641,0.279,0.136,0.067,0.034,0.03,92.3,0.144,0.028,0.063,0.064,0.148,0.146,0.036,0.069,0.086,0.087,0.036,0.074,0.089,0.087,0.018,0.034,0.041,0.043,0.018,0.038,0.044,0.043,0.008,0.018,0.021,0.02,0.009,0.018,0.021,0.021,0.004,0.008,0.01,0.011,0.004,0.01,0.01,0.009
LOSSOT,DAL,2019020010,0.5361,0.279,0.144,0.075,0.037,0.024,91.4,0.129,0.031,0.06,0.065,0.145,0.137,0.036,0.074,0.082,0.086,0.034,0.065,0.082,0.077,0.018,0.036,0.047,0.043,0.015,0.034,0.044,0.041,0.01,0.019,0.024,0.023,0.008,0.017,0.022,0.022,0.005,0.009,0.011,0.012,0.005,0.011,0.011,0.011
WINOT,DAL,2019020010,0.5739,0.285,0.145,0.069,0.034,0.033,92.6,0.155,0.027,0.065,0.066,0.149,0.139,0.038,0.073,0.085,0.088,0.036,0.075,0.092,0.086,0.019,0.036,0.044,0.045,0.016,0.041,0.041,0.043,0.009,0.02,0.021,0.019,0.01,0.018,0.022,0.025,0.002,0.009,0.011,0.012,0.004,0.008,0.012,0.011
LOSSREG,DAL,2019020010,0.5116,0.257,0.125,0.061,0.029,0.02,90.4,0.114,0.034,0.054,0.063,0.136,0.144,0.034,0.068,0.079,0.075,0.034,0.064,0.079,0.078,0.015,0.031,0.041,0.038,0.018,0.033,0.042,0.039,0.007,0.015,0.02,0.019,0.007,0.017,0.02,0.02,0.003,0.008,0.009,0.008,0.005,0.008,0.01,0.009
ALL,WSH,2019020002,0.5432,0.273,0.138,0.07,0.036,0.034,92.7,0.141,0.028,0.065,0.063,0.14,0.135,0.036,0.07,0.083,0.083,0.035,0.067,0.084,0.083,0.018,0.034,0.043,0.042,0.017,0.035,0.042,0.042,0.009,0.018,0.022,0.021,0.009,0.017,0.022,0.02,0.005,0.009,0.01,0.011,0.004,0.009,0.01,0.011
WINREG,WSH,2019020002,0.5757,0.292,0.144,0.071,0.038,0.041,93.9,0.154,0.025,0.066,0.06,0.152,0.142,0.041,0.074,0.089,0.088,0.035,0.07,0.09,0.087,0.018,0.037,0.043,0.046,0.018,0.039,0.046,0.045,0.01,0.017,0.023,0.021,0.009,0.018,0.024,0.022,0.005,0.011,0.01,0.012,0.004,0.008,0.009,0.012
LOSSOT,WSH,2019020002,0.5308,0.27,0.134,0.071,0.034,0.031,92.4,0.14,0.029,0.07,0.064,0.13,0.127,0.035,0.071,0.079,0.084,0.035,0.068,0.08,0.079,0.015,0.033,0.044,0.042,0.017,0.033,0.049,0.037,0.009,0.018,0.022,0.022,0.007,0.019,0.022,0.016,0.004,0.008,0.011,0.012,0.003,0.009,0.012,0.013
WINOT,WSH,2019020002,0.5721,0.281,0.145,0.073,0.038,0.043,93.8,0.156,0.025,0.07,0.064,0.147,0.135,0.036,0.072,0.088,0.086,0.042,0.074,0.092,0.083,0.017,0.037,0.047,0.044,0.019,0.036,0.038,0.044,0.008,0.02,0.022,0.023,0.01,0.021,0.022,0.019,0.006,0.009,0.012,0.011,0.005,0.01,0.009,0.012
LOSSREG,WSH,2019020002,0.5181,0.26,0.132,0.067,0.034,0.028,91.8,0.128,0.03,0.061,0.065,0.132,0.133,0.034,0.067,0.079,0.079,0.034,0.063,0.08,0.082,0.018,0.033,0.042,0.04,0.016,0.032,0.038,0.041,0.008,0.018,0.022,0.02,0.009,0.015,0.02,0.021,0.005,0.009,0.01,0.01,0.004,0.009,0.011,0.01
ALL,WPG,2019020006,0.5262,0.262,0.13,0.064,0.032,0.024,91.1,0.122,0.032,0.062,0.063,0.137,0.141,0.034,0.066,0.082,0.08,0.034,0.07,0.081,0.08,0.016,0.033,0.04,0.041,0.017,0.033,0.041,0.041,0.008,0.017,0.019,0.019,0.008,0.017,0.021,0.02,0.004,0.008,0.01,0.009,0.004,0.008,0.009,0.01
WINREG,WPG,2019020006,0.5467,0.27,0.133,0.065,0.031,0.028,91.9,0.134,0.029,0.061,0.066,0.144,0.141,0.033,0.07,0.086,0.081,0.035,0.073,0.085,0.084,0.017,0.034,0.04,0.042,0.017,0.034,0.043,0.043,0.008,0.018,0.019,0.02,0.009,0.017,0.022,0.02,0.004,0.008,0.01,0.01,0.005,0.01,0.009,0.01
LOSSOT,WPG,2019020006,0.5264,0.268,0.138,0.068,0.036,0.022,91.0,0.124,0.033,0.064,0.061,0.137,0.14,0.037,0.068,0.082,0.081,0.032,0.069,0.078,0.08,0.018,0.033,0.044,0.043,0.018,0.034,0.04,0.039,0.008,0.016,0.024,0.02,0.007,0.016,0.024,0.023,0.004,0.009,0.011,0.011,0.003,0.009,0.009,0.011
WINOT,WPG,2019020006,0.5456,0.273,0.13,0.062,0.032,0.03,92.0,0.132,0.029,0.064,0.061,0.144,0.144,0.037,0.068,0.08,0.088,0.033,0.078,0.083,0.079,0.015,0.032,0.042,0.042,0.018,0.037,0.042,0.046,0.009,0.016,0.019,0.019,0.009,0.018,0.02,0.02,0.004,0.008,0.01,0.01,0.004,0.009,0.008,0.01
LOSSREG,WPG,2019020006,0.5005,0.249,0.125,0.061,0.031,0.02,90.1,0.108,0.035,0.062,0.062,0.128,0.14,0.032,0.062,0.078,0.077,0.034,0.065,0.077,0.075,0.016,0.033,0.038,0.038,0.015,0.031,0.038,0.04,0.008,0.017,0.018,0.018,0.008,0.016,0.02,0.019,0.004,0.009,0.01,0.008,0.004,0.007,0.01,0.009
ALL,CBJ,2019020015,0.4899,0.245,0.122,0.06,0.03,0.026,91.1,0.116,0.033,0.064,0.063,0.122,0.126,0.032,0.061,0.075,0.076,0.032,0.064,0.075,0.073,0.016,0.03,0.038,0.039,0.016,0.031,0.039,0.037,0.008,0.015,0.018,0.019,0.008,0.015,0.02,0.019,0.004,0.008,0.009,0.009,0.004,0.008,0.009,0.009
WINREG,CBJ,2019020015,0.5223,0.258,0.129,0.064,0.032,0.033,92.1,0.133,0.03,0.065,0.066,0.128,0.131,0.032,0.066,0.081,0.079,0.034,0.07,0.082,0.078,0.017,0.032,0.039,0.041,0.017,0.033,0.041,0.038,0.008,0.017,0.019,0.02,0.009,0.016,0.02,0.02,0.005,0.007,0.01,0.009,0.004,0.008,0.01,0.01
LOSSOT,CBJ,2019020015,0.492,0.245,0.12,0.059,0.029,0.024,91.3,0.112,0.032,0.062,0.064,0.127,0.126,0.033,0.061,0.074,0.077,0.034,0.064,0.075,0.073,0.015,0.028,0.037,0.04,0.014,0.03,0.038,0.042,0.008,0.015,0.016,0.02,0.007,0.016,0.021,0.018,0.003,0.008,0.008,0.009,0.003,0.008,0.01,0.01
WINOT,CBJ,2019020015,0.5063,0.255,0.128,0.063,0.034,0.029,91.9,0.124,0.031,0.063,0.062,0.129,0.128,0.032,0.063,0.075,0.085,0.032,0.062,0.077,0.08,0.016,0.033,0.037,0.042,0.019,0.031,0.039,0.038,0.006,0.017,0.02,0.02,0.008,0.015,0.022,0.02,0.004,0.011,0.009,0.009,0.003,0.008,0.007,0.011
LOSSREG,CBJ,2019020015,0.4548,0.23,0.116,0.056,0.029,0.02,90.0,0.098,0.036,0.063,0.061,0.112,0.12,0.032,0.057,0.071,0.071,0.03,0.059,0.069,0.067,0.015,0.027,0.037,0.037,0.015,0.029,0.037,0.034,0.008,0.013,0.017,0.018,0.008,0.014,0.018,0.019,0.004,0.007,0.009,0.008,0.003,0.008,0.009,0.008
ALL,EDM,2019020003,0.4825,0.233,0.113,0.056,0.028,0.023,90.2,0.096,0.035,0.078,0.075,0.109,0.123,0.03,0.057,0.073,0.072,0.034,0.064,0.076,0.076,0.014,0.029,0.035,0.036,0.016,0.031,0.036,0.037,0.007,0.014,0.018,0.017,0.007,0.015,0.018,0.017,0.004,0.007,0.009,0.009,0.004,0.007,0.009,0.009
WINREG,EDM,2019020003,0.506,0.239,0.115,0.056,0.028,0.026,90.9,0.105,0.032,0.079,0.076,0.115,0.131,0.033,0.056,0.076,0.074,0.037,0.067,0.082,0.081,0.014,0.029,0.036,0.036,0.017,0.032,0.037,0.038,0.007,0.014,0.017,0.017,0.007,0.016,0.019,0.017,0.003,0.007,0.01,0.009,0.004,0.007,0.009,0.009
LOSSOT,EDM,2019020003,0.463,0.226,0.116,0.06,0.028,0.023,89.9,0.092,0.037,0.077,0.075,0.106,0.114,0.028,0.059,0.071,0.069,0.029,0.061,0.075,0.072,0.014,0.028,0.038,0.036,0.016,0.027,0.031,0.037,0.008,0.017,0.017,0.019,0.007,0.014,0.016,0.019,0.002,0.006,0.009,0.01,0.004,0.008,0.01,0.011
WINOT,EDM,2019020003,0.5081,0.252,0.124,0.059,0.031,0.026,91.0,0.106,0.033,0.082,0.076,0.122,0.122,0.031,0.062,0.081,0.079,0.039,0.068,0.073,0.075,0.012,0.032,0.041,0.039,0.015,0.035,0.038,0.04,0.007,0.015,0.022,0.015,0.008,0.016,0.023,0.018,0.005,0.008,0.011,0.008,0.004,0.006,0.008,0.009
LOSSREG,EDM,2019020003,0.4503,0.221,0.106,0.054,0.026,0.017,89.0,0.084,0.039,0.076,0.075,0.098,0.117,0.027,0.057,0.068,0.068,0.029,0.059,0.069,0.073,0.014,0.027,0.031,0.034,0.016,0.029,0.035,0.034,0.006,0.012,0.018,0.017,0.008,0.013,0.015,0.015,0.004,0.006,0.007,0.008,0.004,0.007,0.009,0.009
ALL,PHI,2019020016,0.4454,0.218,0.109,0.053,0.026,0.022,89.7,0.099,0.038,0.062,0.062,0.108,0.115,0.028,0.056,0.067,0.067,0.03,0.057,0.071,0.069,0.014,0.026,0.034,0.034,0.014,0.027,0.034,0.034,0.007,0.013,0.016,0.017,0.007,0.013,0.018,0.017,0.003,0.007,0.008,0.008,0.004,0.007,0.009,0.008
WINREG,PHI,2019020016,0.4638,0.227,0.114,0.055,0.027,0.025,90.4,0.107,0.035,0.064,0.062,0.112,0.118,0.03,0.058,0.069,0.07,0.033,0.059,0.073,0.072,0.015,0.027,0.035,0.037,0.015,0.029,0.035,0.033,0.008,0.014,0.017,0.017,0.008,0.015,0.019,0.017,0.003,0.007,0.009,0.009,0.004,0.007,0.009,0.008
LOSSOT,PHI,2019020016,0.4436,0.222,0.114,0.055,0.028,0.025,89.5,0.099,0.038,0.065,0.064,0.106,0.11,0.026,0.059,0.071,0.066,0.027,0.053,0.073,0.069,0.015,0.026,0.038,0.035,0.016,0.024,0.031,0.037,0.005,0.016,0.015,0.019,0.006,0.013,0.022,0.018,0.004,0.006,0.009,0.009,0.004,0.008,0.009,0.007
WINOT,PHI,2019020016,0.4744,0.231,0.112,0.055,0.026,0.027,90.5,0.108,0.035,0.063,0.062,0.118,0.123,0.03,0.057,0.071,0.074,0.031,0.063,0.076,0.073,0.012,0.027,0.039,0.034,0.016,0.031,0.036,0.037,0.007,0.013,0.016,0.019,0.008,0.012,0.019,0.018,0.004,0.006,0.008,0.008,0.004,0.008,0.008,0.008
LOSSREG,PHI,2019020016,0.4063,0.199,0.098,0.049,0.024,0.017,88.5,0.081,0.042,0.057,0.06,0.099,0.109,0.026,0.052,0.06,0.061,0.026,0.054,0.065,0.062,0.013,0.025,0.03,0.031,0.013,0.024,0.032,0.031,0.006,0.012,0.016,0.015,0.006,0.012,0.015,0.016,0.003,0.006,0.007,0.007,0.003,0.006,0.009,0.007
ALL,ARI,2019020012,0.4402,0.213,0.106,0.051,0.026,0.019,89.1,0.084,0.039,0.07,0.076,0.099,0.111,0.028,0.055,0.066,0.064,0.029,0.059,0.068,0.072,0.013,0.028,0.033,0.032,0.014,0.028,0.032,0.033,0.006,0.014,0.016,0.016,0.007,0.014,0.017,0.017,0.003,0.006,0.008,0.008,0.003,0.007,0.008,0.008
WINREG,ARI,2019020012,0.4663,0.229,0.111,0.053,0.026,0.023,90.0,0.095,0.036,0.073,0.076,0.106,0.116,0.03,0.059,0.071,0.069,0.03,0.062,0.071,0.075,0.013,0.028,0.036,0.033,0.015,0.032,0.034,0.037,0.005,0.013,0.017,0.017,0.007,0.015,0.018,0.018,0.004,0.006,0.009,0.008,0.003,0.006,0.008,0.009
LOSSOT,ARI,2019020012,0.4398,0.212,0.105,0.053,0.027,0.02,89.3,0.087,0.039,0.072,0.079,0.099,0.103,0.024,0.06,0.064,0.064,0.031,0.058,0.065,0.074,0.013,0.028,0.033,0.03,0.014,0.027,0.034,0.032,0.006,0.014,0.016,0.017,0.008,0.014,0.014,0.015,0.003,0.008,0.007,0.009,0.004,0.007,0.007,0.008
WINOT,ARI,2019020012,0.4708,0.228,0.112,0.051,0.026,0.02,90.1,0.098,0.036,0.071,0.076,0.111,0.115,0.03,0.056,0.072,0.069,0.03,0.064,0.074,0.075,0.015,0.028,0.033,0.036,0.016,0.032,0.032,0.037,0.007,0.013,0.017,0.015,0.007,0.015,0.02,0.019,0.003,0.006,0.009,0.008,0.004,0.007,0.007,0.007
LOSSREG,ARI,2019020012,0.4093,0.195,0.1,0.05,0.025,0.015,88.1,0.071,0.043,0.068,0.074,0.089,0.107,0.026,0.05,0.06,0.059,0.027,0.056,0.064,0.068,0.012,0.027,0.031,0.03,0.012,0.024,0.03,0.029,0.008,0.014,0.015,0.014,0.006,0.012,0.016,0.015,0.003,0.007,0.008,0.007,0.003,0.007,0.008,0.008
ALL,VAN,2019020003,0.4337,0.209,0.101,0.05,0.025,0.018,89.0,0.079,0.04,0.071,0.075,0.096,0.112,0.026,0.052,0.066,0.065,0.029,0.06,0.067,0.07,0.012,0.025,0.032,0.032,0.014,0.028,0.033,0.033,0.006,0.013,0.016,0.016,0.006,0.013,0.016,0.015,0.003,0.007,0.008,0.007,0.003,0.006,0.007,0.008
WINREG,VAN,2019020003,0.469,0.223,0.108,0.054,0.027,0.022,90.0,0.09,0.036,0.074,0.08,0.104,0.122,0.028,0.055,0.071,0.07,0.032,0.064,0.072,0.077,0.013,0.028,0.033,0.034,0.016,0.028,0.035,0.036,0.007,0.013,0.016,0.018,0.006,0.015,0.018,0.016,0.004,0.008,0.008,0.006,0.003,0.007,0.008,0.009
LOSSOT,VAN,2019020003,0.4202,0.203,0.102,0.049,0.023,0.019,88.8,0.078,0.041,0.067,0.073,0.094,0.109,0.027,0.048,0.065,0.064,0.028,0.057,0.066,0.067,0.011,0.026,0.033,0.032,0.011,0.028,0.029,0.033,0.005,0.012,0.017,0.015,0.007,0.015,0.016,0.015,0.002,0.006,0.007,0.008,0.004,0.006,0.008,0.009
WINOT,VAN,2019020003,0.4603,0.219,0.101,0.049,0.024,0.024,89.9,0.091,0.037,0.069,0.078,0.107,0.116,0.026,0.052,0.072,0.068,0.032,0.063,0.071,0.076,0.011,0.023,0.035,0.032,0.015,0.031,0.037,0.035,0.006,0.013,0.017,0.014,0.007,0.014,0.015,0.015,0.002,0.006,0.009,0.008,0.002,0.007,0.007,0.009
LOSSREG,VAN,2019020003,0.4026,0.196,0.095,0.048,0.025,0.014,87.9,0.068,0.044,0.07,0.071,0.089,0.105,0.025,0.05,0.06,0.061,0.026,0.056,0.062,0.063,0.012,0.024,0.03,0.03,0.013,0.026,0.031,0.03,0.006,0.012,0.015,0.015,0.006,0.012,0.015,0.014,0.003,0.006,0.008,0.008,0.003,0.006,0.006,0.007
ALL,ANA,2019020012,0.4303,0.208,0.102,0.05,0.025,0.018,88.6,0.078,0.041,0.072,0.076,0.095,0.11,0.027,0.051,0.065,0.065,0.027,0.059,0.068,0.068,0.013,0.026,0.032,0.031,0.014,0.028,0.032,0.032,0.007,0.013,0.016,0.014,0.007,0.013,0.016,0.016,0.003,0.006,0.008,0.008,0.003,0.006,0.008,0.008
WINREG,ANA,2019020012,0.4558,0.221,0.107,0.052,0.027,0.02,89.5,0.086,0.038,0.074,0.077,0.104,0.115,0.029,0.053,0.068,0.07,0.028,0.061,0.073,0.073,0.014,0.027,0.033,0.034,0.015,0.029,0.036,0.033,0.006,0.014,0.016,0.016,0.008,0.014,0.016,0.017,0.004,0.007,0.008,0.008,0.004,0.006,0.008,0.008
LOSSOT,ANA,2019020012,0.4275,0.206,0.097,0.046,0.022,0.017,88.6,0.072,0.042,0.076,0.08,0.092,0.108,0.027,0.055,0.064,0.06,0.028,0.058,0.071,0.065,0.01,0.024,0.032,0.031,0.015,0.03,0.036,0.028,0.008,0.011,0.014,0.012,0.008,0.012,0.017,0.014,0.003,0.005,0.008,0.007,0.002,0.007,0.007,0.007
WINOT,ANA,2019020012,0.4484,0.224,0.116,0.061,0.028,0.02,89.3,0.084,0.039,0.074,0.077,0.102,0.111,0.029,0.055,0.07,0.07,0.025,0.065,0.069,0.065,0.014,0.03,0.035,0.037,0.014,0.03,0.03,0.035,0.008,0.014,0.02,0.018,0.009,0.013,0.017,0.017,0.003,0.009,0.007,0.009,0.005,0.008,0.011,0.01
LOSSREG,ANA,2019020012,0.3947,0.188,0.094,0.044,0.022,0.014,87.5,0.068,0.045,0.069,0.072,0.084,0.103,0.023,0.047,0.06,0.058,0.028,0.055,0.06,0.064,0.013,0.025,0.03,0.027,0.012,0.025,0.028,0.03,0.006,0.013,0.014,0.012,0.006,0.013,0.015,0.016,0.002,0.006,0.007,0.007,0.003,0.006,0.007,0.006
ALL,DET,2019020025,0.3942,0.188,0.092,0.045,0.023,0.016,88.1,0.07,0.043,0.061,0.065,0.091,0.107,0.023,0.048,0.059,0.058,0.026,0.053,0.063,0.063,0.012,0.023,0.03,0.028,0.012,0.025,0.029,0.03,0.006,0.01,0.015,0.014,0.007,0.012,0.014,0.014,0.003,0.006,0.008,0.007,0.003,0.006,0.007,0.006
WINREG,DET,2019020025,0.4227,0.202,0.098,0.046,0.023,0.019,89.0,0.078,0.039,0.065,0.068,0.1,0.113,0.024,0.05,0.065,0.063,0.027,0.057,0.066,0.071,0.014,0.023,0.032,0.03,0.014,0.028,0.03,0.033,0.006,0.011,0.015,0.015,0.008,0.012,0.016,0.015,0.002,0.006,0.007,0.007,0.004,0.006,0.007,0.007
LOSSOT,DET,2019020025,0.3961,0.187,0.09,0.048,0.023,0.018,88.3,0.074,0.043,0.063,0.065,0.087,0.108,0.024,0.046,0.057,0.061,0.028,0.056,0.061,0.064,0.009,0.022,0.03,0.029,0.014,0.024,0.03,0.03,0.008,0.01,0.017,0.013,0.005,0.011,0.012,0.014,0.003,0.005,0.008,0.006,0.004,0.006,0.008,0.007
WINOT,DET,2019020025,0.4183,0.194,0.093,0.046,0.023,0.017,89.0,0.076,0.04,0.067,0.065,0.095,0.116,0.03,0.051,0.06,0.052,0.028,0.06,0.066,0.071,0.01,0.022,0.029,0.031,0.01,0.026,0.034,0.03,0.006,0.011,0.014,0.015,0.006,0.015,0.012,0.014,0.003,0.006,0.007,0.007,0.004,0.005,0.008,0.006
LOSSREG,DET,2019020025,0.3678,0.178,0.088,0.043,0.023,0.014,87.2,0.062,0.046,0.057,0.063,0.085,0.101,0.021,0.047,0.056,0.055,0.025,0.049,0.06,0.057,0.011,0.024,0.028,0.025,0.011,0.023,0.026,0.029,0.006,0.01,0.014,0.014,0.006,0.011,0.014,0.014,0.003,0.006,0.008,0.007,0.003,0.005,0.006,0.006
ALL,FLA,2019020005,0.3919,0.191,0.092,0.046,0.022,0.014,87.9,0.067,0.043,0.061,0.066,0.093,0.106,0.024,0.048,0.059,0.06,0.026,0.05,0.063,0.062,0.011,0.023,0.029,0.029,0.012,0.026,0.03,0.031,0.006,0.011,0.014,0.015,0.006,0.012,0.015,0.014,0.003,0.006,0.007,0.007,0.003,0.006,0.007,0.007
WINREG,FLA,2019020005,0.4286,0.204,0.097,0.049,0.023,0.019,89.1,0.08,0.039,0.062,0.068,0.102,0.116,0.026,0.051,0.062,0.065,0.029,0.055,0.074,0.066,0.012,0.024,0.03,0.031,0.013,0.025,0.033,0.035,0.006,0.012,0.016,0.015,0.005,0.012,0.016,0.015,0.003,0.006,0.008,0.007,0.003,0.006,0.01,0.007
LOSSOT,FLA,2019020005,0.398,0.201,0.101,0.049,0.023,0.014,88.3,0.066,0.042,0.062,0.066,0.102,0.102,0.025,0.048,0.062,0.066,0.023,0.045,0.062,0.067,0.011,0.029,0.032,0.03,0.01,0.03,0.026,0.033,0.005,0.015,0.014,0.015,0.007,0.015,0.014,0.016,0.004,0.007,0.008,0.005,0.003,0.007,0.007,0.009
WINOT,FLA,2019020005,0.4327,0.215,0.103,0.05,0.024,0.02,89.3,0.09,0.039,0.066,0.066,0.104,0.106,0.028,0.055,0.066,0.066,0.03,0.051,0.072,0.066,0.011,0.028,0.033,0.031,0.014,0.03,0.038,0.031,0.006,0.011,0.016,0.016,0.006,0.013,0.017,0.017,0.004,0.008,0.006,0.006,0.003,0.007,0.009,0.007
LOSSREG,FLA,2019020005,0.3664,0.179,0.086,0.043,0.021,0.011,87.1,0.056,0.046,0.06,0.065,0.085,0.102,0.023,0.046,0.056,0.055,0.025,0.049,0.056,0.057,0.011,0.021,0.026,0.028,0.011,0.025,0.028,0.029,0.005,0.01,0.013,0.014,0.006,0.011,0.014,0.013,0.002,0.005,0.007,0.007,0.003,0.006,0.006,0.006
ALL,NYR,2019020006,0.3788,0.181,0.088,0.042,0.02,0.014,87.7,0.07,0.044,0.055,0.059,0.09,0.105,0.022,0.045,0.057,0.057,0.027,0.051,0.059,0.06,0.01,0.022,0.028,0.028,0.012,0.024,0.028,0.029,0.005,0.01,0.013,0.013,0.006,0.012,0.013,0.014,0.003,0.005,0.006,0.006,0.003,0.005,0.007,0.007
WINREG,NYR,2019020006,0.4032,0.19,0.09,0.043,0.02,0.016,88.5,0.077,0.041,0.057,0.062,0.098,0.109,0.023,0.048,0.06,0.059,0.029,0.055,0.062,0.067,0.01,0.023,0.029,0.028,0.012,0.026,0.029,0.033,0.006,0.01,0.013,0.014,0.006,0.013,0.014,0.014,0.002,0.005,0.007,0.007,0.003,0.006,0.007,0.006
LOSSOT,NYR,2019020006,0.3764,0.182,0.091,0.045,0.021,0.013,87.5,0.067,0.045,0.053,0.066,0.089,0.1,0.024,0.046,0.056,0.057,0.026,0.049,0.062,0.057,0.011,0.024,0.029,0.027,0.01,0.028,0.027,0.027,0.006,0.012,0.012,0.015,0.006,0.012,0.015,0.013,0.003,0.004,0.007,0.007,0.003,0.005,0.009,0.007
WINOT,NYR,2019020006,0.4057,0.2,0.095,0.042,0.019,0.017,88.6,0.079,0.04,0.057,0.057,0.101,0.111,0.022,0.052,0.066,0.06,0.027,0.055,0.063,0.06,0.012,0.023,0.03,0.03,0.014,0.027,0.031,0.033,0.003,0.01,0.016,0.014,0.008,0.014,0.014,0.017,0.003,0.005,0.005,0.006,0.002,0.005,0.007,0.009
LOSSREG,NYR,2019020006,0.3449,0.165,0.081,0.04,0.02,0.01,86.6,0.06,0.048,0.052,0.055,0.077,0.101,0.021,0.04,0.052,0.053,0.024,0.047,0.054,0.055,0.01,0.019,0.025,0.026,0.011,0.021,0.027,0.025,0.005,0.01,0.012,0.012,0.005,0.011,0.012,0.014,0.003,0.005,0.006,0.006,0.002,0.004,0.007,0.006
ALL,CHI,2019020016,0.3712,0.178,0.086,0.043,0.021,0.011,86.3,0.066,0.049,0.052,0.056,0.089,0.107,0.022,0.046,0.055,0.054,0.027,0.05,0.058,0.059,0.011,0.022,0.028,0.026,0.012,0.024,0.027,0.029,0.005,0.012,0.013,0.013,0.006,0.01,0.014,0.013,0.003,0.006,0.007,0.006,0.003,0.005,0.007,0.006
WINREG,CHI,2019020016,0.3992,0.19,0.091,0.044,0.023,0.013,87.3,0.075,0.045,0.055,0.06,0.097,0.112,0.023,0.047,0.058,0.062,0.03,0.054,0.062,0.063,0.011,0.022,0.029,0.029,0.013,0.025,0.028,0.033,0.005,0.011,0.013,0.014,0.006,0.012,0.016,0.014,0.003,0.006,0.007,0.008,0.004,0.005,0.006,0.006
LOSSOT,CHI,2019020016,0.3694,0.176,0.085,0.043,0.021,0.01,86.3,0.061,0.05,0.06,0.057,0.085,0.106,0.023,0.045,0.059,0.05,0.028,0.048,0.06,0.058,0.01,0.022,0.028,0.025,0.013,0.022,0.03,0.026,0.003,0.014,0.012,0.013,0.006,0.008,0.013,0.015,0.002,0.004,0.007,0.008,0.003,0.005,0.007,0.007
WINOT,CHI,2019020016,0.4065,0.199,0.099,0.051,0.024,0.013,87.5,0.082,0.046,0.052,0.054,0.102,0.118,0.027,0.048,0.064,0.06,0.029,0.056,0.063,0.059,0.01,0.028,0.031,0.03,0.011,0.028,0.028,0.033,0.006,0.016,0.015,0.014,0.008,0.011,0.012,0.017,0.004,0.007,0.007,0.006,0.003,0.007,0.009,0.008
LOSSREG,CHI,2019020016,0.3453,0.165,0.081,0.04,0.02,0.009,85.4,0.059,0.053,0.049,0.054,0.082,0.102,0.02,0.044,0.051,0.049,0.024,0.046,0.054,0.056,0.01,0.02,0.026,0.025,0.01,0.023,0.025,0.026,0.005,0.01,0.013,0.012,0.005,0.01,0.013,0.012,0.002,0.006,0.006,0.005,0.003,0.005,0.007,0.006
ALL,NJD,2019020013,0.36,0.178,0.086,0.042,0.021,0.012,87.2,0.064,0.046,0.054,0.06,0.084,0.099,0.023,0.045,0.056,0.054,0.024,0.049,0.055,0.054,0.01,0.021,0.027,0.028,0.011,0.024,0.028,0.028,0.005,0.011,0.013,0.014,0.006,0.011,0.014,0.014,0.003,0.005,0.007,0.007,0.003,0.005,0.007,0.006
WINREG,NJD,2019020013,0.3854,0.188,0.092,0.044,0.023,0.014,88.1,0.071,0.043,0.056,0.061,0.089,0.108,0.024,0.048,0.059,0.057,0.026,0.053,0.06,0.059,0.01,0.024,0.029,0.029,0.011,0.025,0.03,0.029,0.005,0.011,0.013,0.014,0.006,0.012,0.015,0.014,0.003,0.005,0.007,0.008,0.003,0.005,0.007,0.006
LOSSOT,NJD,2019020013,0.3433,0.172,0.085,0.041,0.021,0.009,86.9,0.061,0.047,0.051,0.055,0.082,0.094,0.021,0.042,0.05,0.058,0.024,0.046,0.052,0.049,0.009,0.021,0.026,0.029,0.012,0.022,0.028,0.024,0.006,0.008,0.012,0.014,0.005,0.009,0.015,0.015,0.002,0.004,0.007,0.007,0.002,0.004,0.007,0.007
WINOT,NJD,2019020013,0.3845,0.188,0.09,0.046,0.025,0.016,88.1,0.069,0.043,0.062,0.06,0.089,0.104,0.025,0.049,0.059,0.054,0.026,0.052,0.062,0.056,0.012,0.023,0.027,0.027,0.009,0.024,0.032,0.033,0.005,0.012,0.014,0.016,0.006,0.012,0.013,0.013,0.003,0.007,0.008,0.007,0.003,0.004,0.008,0.007
LOSSREG,NJD,2019020013,0.3258,0.165,0.079,0.039,0.019,0.009,85.8,0.055,0.052,0.05,0.059,0.075,0.087,0.021,0.041,0.054,0.049,0.022,0.042,0.048,0.049,0.01,0.018,0.025,0.026,0.011,0.023,0.024,0.027,0.004,0.01,0.011,0.013,0.005,0.01,0.012,0.013,0.002,0.005,0.006,0.005,0.003,0.005,0.006,0.006
ALL,BUF,2019020007,0.346,0.167,0.083,0.042,0.02,0.011,86.7,0.054,0.048,0.056,0.061,0.077,0.098,0.021,0.04,0.054,0.051,0.023,0.048,0.055,0.053,0.01,0.019,0.026,0.027,0.011,0.022,0.025,0.026,0.005,0.01,0.013,0.014,0.005,0.01,0.013,0.013,0.002,0.005,0.006,0.006,0.003,0.006,0.007,0.007
WINREG,BUF,2019020007,0.3839,0.183,0.091,0.044,0.021,0.014,88.0,0.063,0.043,0.062,0.065,0.087,0.107,0.023,0.044,0.061,0.055,0.026,0.054,0.065,0.056,0.012,0.021,0.029,0.029,0.012,0.024,0.027,0.029,0.005,0.012,0.013,0.014,0.007,0.012,0.014,0.014,0.002,0.006,0.006,0.007,0.003,0.006,0.007,0.007
LOSSOT,BUF,2019020007,0.3361,0.167,0.082,0.044,0.019,0.01,86.5,0.052,0.049,0.054,0.06,0.075,0.095,0.02,0.039,0.055,0.053,0.02,0.044,0.051,0.055,0.01,0.018,0.028,0.026,0.01,0.023,0.028,0.024,0.007,0.01,0.013,0.015,0.005,0.009,0.012,0.012,0.002,0.005,0.005,0.007,0.002,0.008,0.008,0.008
WINOT,BUF,2019020007,0.3721,0.181,0.087,0.043,0.02,0.012,87.6,0.062,0.044,0.06,0.065,0.077,0.108,0.022,0.039,0.063,0.057,0.025,0.048,0.059,0.059,0.013,0.021,0.023,0.03,0.013,0.025,0.027,0.029,0.004,0.011,0.013,0.015,0.005,0.012,0.013,0.014,0.003,0.007,0.005,0.006,0.002,0.006,0.008,0.007
LOSSREG,BUF,2019020007,0.3267,0.157,0.078,0.04,0.02,0.009,86.0,0.048,0.051,0.054,0.058,0.073,0.093,0.021,0.038,0.05,0.049,0.022,0.046,0.05,0.05,0.009,0.019,0.026,0.025,0.011,0.02,0.024,0.024,0.005,0.01,0.013,0.013,0.004,0.01,0.012,0.012,0.002,0.005,0.007,0.006,0.003,0.005,0.006,0.006
ALL,LAK,2019020029,0.3429,0.163,0.08,0.04,0.019,0.009,86.1,0.05,0.05,0.062,0.068,0.071,0.091,0.02,0.039,0.053,0.051,0.024,0.048,0.052,0.057,0.01,0.02,0.026,0.024,0.01,0.022,0.024,0.027,0.005,0.01,0.012,0.013,0.005,0.011,0.013,0.012,0.002,0.005,0.006,0.006,0.003,0.006,0.007,0.006
WINREG,LAK,2019020029,0.3792,0.183,0.087,0.041,0.021,0.012,87.3,0.058,0.045,0.067,0.071,0.079,0.104,0.021,0.047,0.059,0.057,0.026,0.054,0.056,0.061,0.012,0.022,0.029,0.024,0.011,0.025,0.029,0.03,0.005,0.011,0.012,0.013,0.006,0.013,0.013,0.014,0.002,0.005,0.006,0.007,0.003,0.006,0.006,0.006
LOSSOT,LAK,2019020029,0.3425,0.164,0.079,0.041,0.019,0.009,86.1,0.05,0.051,0.068,0.07,0.069,0.086,0.023,0.039,0.054,0.048,0.025,0.047,0.053,0.053,0.012,0.02,0.024,0.024,0.013,0.021,0.023,0.028,0.005,0.012,0.009,0.015,0.004,0.011,0.012,0.011,0.002,0.006,0.006,0.005,0.002,0.007,0.008,0.006
WINOT,LAK,2019020029,0.3672,0.174,0.088,0.044,0.02,0.011,87.1,0.058,0.046,0.065,0.07,0.076,0.099,0.023,0.039,0.054,0.058,0.022,0.048,0.057,0.066,0.01,0.023,0.025,0.031,0.011,0.024,0.025,0.026,0.005,0.011,0.013,0.015,0.006,0.011,0.015,0.013,0.002,0.005,0.007,0.005,0.003,0.005,0.008,0.007
LOSSREG,LAK,2019020029,0.316,0.148,0.073,0.038,0.019,0.007,85.2,0.044,0.054,0.058,0.065,0.066,0.083,0.019,0.034,0.049,0.046,0.023,0.044,0.047,0.054,0.008,0.019,0.025,0.022,0.009,0.019,0.021,0.026,0.004,0.01,0.011,0.012,0.005,0.009,0.012,0.01,0.002,0.004,0.006,0.006,0.003,0.005,0.006,0.005
ALL,OTT,2019020001,0.3255,0.157,0.079,0.039,0.02,0.011,85.9,0.049,0.052,0.053,0.059,0.073,0.092,0.021,0.038,0.049,0.05,0.022,0.043,0.052,0.051,0.01,0.02,0.025,0.025,0.009,0.02,0.024,0.024,0.005,0.009,0.012,0.013,0.005,0.01,0.012,0.012,0.003,0.005,0.006,0.006,0.003,0.005,0.006,0.006
WINREG,OTT,2019020001,0.3599,0.173,0.086,0.043,0.022,0.013,87.0,0.061,0.047,0.054,0.06,0.083,0.101,0.023,0.039,0.054,0.057,0.026,0.048,0.056,0.057,0.01,0.023,0.026,0.027,0.01,0.022,0.029,0.026,0.006,0.009,0.013,0.015,0.006,0.011,0.013,0.013,0.003,0.005,0.007,0.008,0.002,0.006,0.006,0.006
LOSSOT,OTT,2019020001,0.3391,0.16,0.083,0.035,0.017,0.012,86.5,0.052,0.049,0.059,0.064,0.072,0.093,0.021,0.04,0.046,0.053,0.022,0.046,0.058,0.054,0.01,0.022,0.029,0.023,0.011,0.019,0.02,0.026,0.005,0.009,0.011,0.011,0.007,0.012,0.014,0.016,0.002,0.005,0.006,0.004,0.002,0.006,0.005,0.005
WINOT,OTT,2019020001,0.361,0.167,0.085,0.043,0.022,0.013,87.2,0.057,0.046,0.059,0.064,0.082,0.099,0.02,0.041,0.055,0.051,0.024,0.049,0.059,0.062,0.011,0.023,0.023,0.028,0.012,0.02,0.025,0.025,0.004,0.012,0.013,0.014,0.007,0.011,0.013,0.011,0.004,0.005,0.006,0.007,0.002,0.006,0.007,0.006
LOSSREG,OTT,2019020001,0.3009,0.147,0.074,0.038,0.019,0.009,85.1,0.042,0.055,0.049,0.056,0.067,0.087,0.02,0.036,0.045,0.046,0.02,0.04,0.048,0.046,0.01,0.018,0.023,0.023,0.008,0.019,0.023,0.022,0.005,0.009,0.012,0.011,0.005,0.009,0.012,0.011,0.002,0.004,0.006,0.006,0.003,0.005,0.006,0.006
